data_type,neural_bandit,neural_linear,uniform
adult,290.0,109.0,251.0
linear,496.86368954345784,505.8074914456447,701.5455797097269
sparse_linear,391.70251593287026,418.1221622423932,598.7418939944296
statlog,195.0,359.0,431.0
wheel,924.0754255149552,1595.1833948459243,1834.8945339325214
