data_type,neural_bandit,neural_linear,uniform
adult,0.42,0.782,0.498
linear,0.3934913690372558,0.3756037652328821,-0.01587241129528223
sparse_linear,0.3974094595368535,0.3445701669178076,-0.016669296586265078
statlog,0.61,0.282,0.138
wheel,3.6465679056106355,2.3043519669486967,1.8249296887755027
